website,filename,time1,total
google.com,18-Apr-2020-21-42-46-2eqzxa1reh.pgsg,1.22681212425,4.6925880909
youtube.com,18-Apr-2020-21-42-50-efllj0r6ff.pgsg,0.416835784912,3.84524798393
facebook.com,18-Apr-2020-21-42-54-d2nl0kaej9.pgsg,0.553359985352,4.02817392349
baidu.com,18-Apr-2020-21-43-00-k1d4xpmd84.pgsg,0.39254784584,5.444688797
yahoo.com,18-Apr-2020-21-43-04-36o26r12mb.pgsg,0.625076055527,4.52776098251
amazon.com,18-Apr-2020-21-43-08-xdijym761r.pgsg,0.557728052139,3.97966504097
wikipedia.org,The cipher suites of this server are not supported,0.0,0.0
qq.com,18-Apr-2020-21-43-16-f4o8b6bgyf.pgsg,0.598948955536,7.99152183533
google.co.in,18-Apr-2020-21-43-20-f08tt0b9yh.pgsg,0.582717895508,3.99847507477
twitter.com,The cipher suites of this server are not supported,0.0,0.0
live.com,18-Apr-2020-21-43-24-r4wrh0aece.pgsg,0.195697069168,3.58715701103
taobao.com,18-Apr-2020-21-43-34-b7z784lb9z.pgsg,1.66119194031,9.6974260807
msn.com,18-Apr-2020-21-43-38-zycqktwgpu.pgsg,0.763667821884,4.34222102165
sina.com.cn,18-Apr-2020-21-43-46-s1g9rgpqn8.pgsg,0.6043009758,7.92557501793
yahoo.co.jp,The cipher suites of this server are not supported,0.0,0.0
google.co.jp,18-Apr-2020-21-43-52-nxxrv4omlk.pgsg,1.12682580948,4.56237316132
linkedin.com,The cipher suites of this server are not supported,0.0,0.0
weibo.com,18-Apr-2020-21-43-58-lyrevvy81j.pgsg,1.10288500786,6.34016990662
bing.com,18-Apr-2020-21-44-02-ntqx4cx57m.pgsg,0.56153678894,3.95104408264
yandex.ru,18-Apr-2020-21-44-07-95f8zdosqc.pgsg,0.207226037979,5.01718497276
vk.com,18-Apr-2020-21-44-12-j8u2cmo13f.pgsg,0.217308044434,4.55412483215
hao123.com,18-Apr-2020-21-44-20-e03t6awi45.pgsg,0.604193210602,8.79395484924
instagram.com,18-Apr-2020-21-44-24-tjvs50a8kr.pgsg,0.430703878403,4.04303812981
ebay.com,18-Apr-2020-21-44-26-426k4p3u3a.pgsg,0.550288915634,1.37667703629
google.de,18-Apr-2020-21-44-30-40ugmczfge.pgsg,0.563896894455,4.03076601028
google.co.uk,18-Apr-2020-21-44-34-nmpi1uns2w.pgsg,0.191165924072,3.60110497475
yahoo.co.jp,The cipher suites of this server are not supported,0.0,0.0
google.fr,18-Apr-2020-21-44-39-4n2qnb9ohw.pgsg,0.592097043991,4.02604913712
yandex.ru,18-Apr-2020-21-44-44-vfew6km7ey.pgsg,1.09738898277,5.87369704247
google.ru,18-Apr-2020-21-44-49-6vynsh6qdi.pgsg,1.14219021797,4.57202291489
onclickads.net,18-Apr-2020-21-44-53-yz1fzrmxom.pgsg,0.195543050766,4.18100905418
t.co,The cipher suites of this server are not supported,0.0,0.0
ebay.com,18-Apr-2020-21-44-55-8nklzeoqy8.pgsg,0.211411952972,1.04125404358
soso.com,18-Apr-2020-21-45-01-vkpg0ay45d.pgsg,0.562095880508,6.45085310936
wordpress.com,The cipher suites of this server are not supported,0.0,0.0
bing.com,18-Apr-2020-21-45-05-xwiz3jmeke.pgsg,0.192320823669,3.57354903221
blogspot.com,18-Apr-2020-21-45-09-2tx7d2tj3s.pgsg,0.197211027145,3.62569499016
tumblr.com,18-Apr-2020-21-45-13-mm3330junu.pgsg,0.570355176926,4.01871418953
google.it,18-Apr-2020-21-45-19-n3c32nyt4c.pgsg,2.27619481087,5.70471692085
stackoverflow.com,The cipher suites of this server are not supported,0.0,0.0
google.es,18-Apr-2020-21-45-23-23ijqd7mh0.pgsg,0.633329868317,4.05140185356
msn.com,18-Apr-2020-21-45-27-vjhigd05yt.pgsg,0.550884962082,3.99515604973
gmw.cn,18-Apr-2020-21-45-40-bfgei19icl.pgsg,0.226564884186,12.6762628555
microsoft.com,The cipher suites of this server are not supported,0.0,0.0
aliexpress.com,18-Apr-2020-21-45-44-m8cwbi40dq.pgsg,0.202722072601,4.09917211533
apple.com,The cipher suites of this server are not supported,0.0,0.0
pinterest.com,18-Apr-2020-21-45-45-cpb5pfuqvx.pgsg,0.562659025192,0.976661920547
netflix.com,18-Apr-2020-21-45-49-hckfg6r1y7.pgsg,0.201812982559,3.63705301285
google.com.mx,18-Apr-2020-21-45-53-88taxohq33.pgsg,0.198465108871,3.61830997467
paypal.com,The cipher suites of this server are not supported,0.0,0.0
imgur.com,18-Apr-2020-21-45-57-qjrco58qia.pgsg,0.387830972672,3.82288002968
blogger.com,18-Apr-2020-21-46-01-il99wgta6j.pgsg,0.594205856323,4.05605983734
google.ca,18-Apr-2020-21-46-04-zxdlzd0tc1.pgsg,0.199605941772,3.62076711655
amazon.in,18-Apr-2020-21-46-09-8wbuatwrty.pgsg,0.191018104553,4.28228712082
imdb.com,18-Apr-2020-21-46-13-1s8g2h4voi.pgsg,0.589442968369,4.02542209625
github.com,The cipher suites of this server are not supported,0.0,0.0
naver.com,18-Apr-2020-21-46-18-l5epv5cq4u.pgsg,0.192253828049,5.19647097588
mail.ru,18-Apr-2020-21-46-24-wxp8z9y8vr.pgsg,0.558554887772,5.89869999886
amazon.co.jp,18-Apr-2020-21-46-29-x3uwv91hx0.pgsg,1.10971903801,4.99362301826
popads.net,18-Apr-2020-21-46-33-47or2l4f2p.pgsg,0.185250043869,3.69955205917
google.com.hk,18-Apr-2020-21-46-37-ij2juxenkz.pgsg,0.568722009659,4.02295398712
pornhub.com,The cipher suites of this server are not supported,0.0,0.0
ok.ru,18-Apr-2020-21-46-43-o6zn19dk5j.pgsg,1.00469779968,6.02647185326
whatsapp.com,18-Apr-2020-21-46-48-z6ofolrscw.pgsg,1.11901116371,4.58466315269
google.co.kr,18-Apr-2020-21-46-53-tswp34nwfx.pgsg,0.222503900528,5.00448608398
office.com,18-Apr-2020-21-46-57-j5rxvqskcu.pgsg,0.600598812103,3.99119877815
google.co.id,18-Apr-2020-21-47-01-39mqiiin6i.pgsg,0.562578201294,4.00374293327
cnzz.com,18-Apr-2020-21-47-07-vr47h8coag.pgsg,0.770467996597,5.98086595535
fc2.com,18-Apr-2020-21-47-11-7xydorxcwq.pgsg,0.609840154648,4.62506103516
google.com.tr,18-Apr-2020-21-47-16-ecc40t28fj.pgsg,0.920029163361,4.46051716805
dropbox.com,18-Apr-2020-21-47-20-4bcq5rk4b0.pgsg,0.551566123962,3.98685789108
youku.com,18-Apr-2020-21-47-44-fua09vb13e.pgsg,0.981777906418,24.3049089909
google.com.au,18-Apr-2020-21-47-48-lrsgqtnjkn.pgsg,0.195595026016,3.63290309906
googleusercontent.com,The cipher suites of this server are not supported,0.0,0.0
google.com.tw,18-Apr-2020-21-47-51-4vl5ftncrb.pgsg,0.203969955444,3.64057683945
microsoftonline.com,The cipher suites of this server are not supported,0.0,0.0
google.pl,18-Apr-2020-21-48-16-gizoqks9cu.pgsg,0.797498941422,4.22602295876
xvideos.com,18-Apr-2020-21-48-20-o0wu1jui2u.pgsg,0.191854000092,4.17613387108
adobe.com,18-Apr-2020-21-48-25-xtr890hb6t.pgsg,0.628356933594,4.74407887459
xhamster.com,18-Apr-2020-21-48-29-015arcnjk7.pgsg,0.199594974518,4.01855301857
flipkart.com,The cipher suites of this server are not supported,0.0,0.0
xinhuanet.com,The cipher suites of this server are not supported,0.0,0.0
tianya.cn,18-Apr-2020-21-48-52-gvt76ra7i3.pgsg,0.187740087509,2.24419903755
cnn.com,18-Apr-2020-21-48-53-m9y1jsq4u1.pgsg,0.799053192139,1.23627305031
twitch.tv,The cipher suites of this server are not supported,0.0,0.0
amazon.de,18-Apr-2020-21-48-58-fpd0b7o3xt.pgsg,0.591727018356,4.66715502739
pixnet.net,18-Apr-2020-21-49-03-b2vmbr985s.pgsg,0.188660144806,5.32327914238
quora.com,The cipher suites of this server are not supported,0.0,0.0
wikia.com,The cipher suites of this server are not supported,0.0,0.0
people.com.cn,18-Apr-2020-21-49-09-v92zy01b7d.pgsg,0.556010961533,4.89925193787
alibaba.com,18-Apr-2020-21-49-13-xvxc1uo5x4.pgsg,0.397603034973,4.2764248848
adf.ly,The cipher suites of this server are not supported,0.0,0.0
coccoc.com,18-Apr-2020-21-49-20-4zhayuacy1.pgsg,0.546819925308,6.79475188255
craigslist.org,18-Apr-2020-21-49-21-mauu3rhuty.pgsg,0.545308828354,1.0771279335
google.com.eg,18-Apr-2020-21-49-26-pz8zh8zl2a.pgsg,1.12398314476,4.59194993973
google.com.ar,18-Apr-2020-21-49-30-ahyoclen1i.pgsg,1.08397507668,4.52051687241
bbc.com,18-Apr-2020-21-49-32-q330l7rnox.pgsg,1.09053301811,1.53326106071
360.com,18-Apr-2020-21-49-34-pfgf6udezy.pgsg,0.562057971954,1.98580503464
google.com.sa,18-Apr-2020-21-49-38-32t3fi3q5a.pgsg,0.559656143188,4.05476498604
haosou.com,18-Apr-2020-21-49-46-7lgax8r71z.pgsg,3.34264612198,7.83177495003
bongacams.com,18-Apr-2020-21-49-51-mrbwlginpq.pgsg,0.221432924271,5.52895212173
so.com,18-Apr-2020-21-49-56-h8iu7twdb6.pgsg,0.393615007401,4.85803389549
amazon.co.uk,18-Apr-2020-21-50-01-mp0k5n9ebd.pgsg,0.610909938812,4.79434084892
godaddy.com,The cipher suites of this server are not supported,0.0,0.0
google.com.pk,18-Apr-2020-21-50-06-29caicnvjh.pgsg,1.1249101162,4.55651211739
rakuten.co.jp,The cipher suites of this server are not supported,0.0,0.0
google.co.th,18-Apr-2020-21-50-11-kral7v22a0.pgsg,1.03693604469,4.49453997612
diply.com,The cipher suites of this server are not supported,0.0,0.0
nytimes.com,The cipher suites of this server are not supported,0.0,0.0
amazonaws.com,The cipher suites of this server are not supported,0.0,0.0
vimeo.com,The cipher suites of this server are not supported,0.0,0.0
youth.cn,The cipher suites of this server are not supported,0.0,0.0
espn.com,The cipher suites of this server are not supported,0.0,0.0
nicovideo.jp,18-Apr-2020-21-50-36-mrll1o7r8o.pgsg,1.70762896538,3.40097093582
salesforce.com,The cipher suites of this server are not supported,0.0,0.0
bbc.co.uk,18-Apr-2020-21-50-37-l6sndh6h4g.pgsg,0.390742063522,0.816304922104
ask.com,The cipher suites of this server are not supported,0.0,0.0
ebay.de,18-Apr-2020-21-50-39-mj1wp5jsqu.pgsg,1.16247606277,1.99986410141
booking.com,18-Apr-2020-21-50-44-i12sfaop9a.pgsg,0.558637142181,4.52251410484
soundcloud.com,The cipher suites of this server are not supported,0.0,0.0
terraclicks.com,18-Apr-2020-21-50-47-oh3uolwuw8.pgsg,0.194433927536,3.72765493393
google.nl,18-Apr-2020-21-50-52-pd141o6g51.pgsg,0.566221952438,3.99857783318
dailymotion.com,The cipher suites of this server are not supported,0.0,0.0
txxx.com,The cipher suites of this server are not supported,0.0,0.0
zhihu.com,18-Apr-2020-21-50-59-b4uyy9kv61.pgsg,0.550765991211,6.25723791122
bet365.com,The cipher suites of this server are not supported,0.0,0.0
ebay.co.uk,18-Apr-2020-21-51-02-epftzec9oc.pgsg,0.19344496727,1.06575107574
globo.com,The cipher suites of this server are not supported,0.0,0.0
uol.com.br,18-Apr-2020-21-51-08-cq42xnx312.pgsg,0.558465003967,4.75542616844
china.com.cn,The cipher suites of this server are not supported,0.0,0.0
thepiratebay.org,The cipher suites of this server are not supported,0.0,0.0
indiatimes.com,18-Apr-2020-21-51-12-cl7doyzjyo.pgsg,0.54859495163,3.96525597572
alipay.com,The cipher suites of this server are not supported,0.0,0.0
stackexchange.com,The cipher suites of this server are not supported,0.0,0.0
daum.net,18-Apr-2020-21-51-35-haivbztd61.pgsg,0.219642877579,2.53399181366
savefrom.net,18-Apr-2020-21-51-42-qx2ophc7eq.pgsg,2.79482698441,6.86916399002
w3schools.com,The cipher suites of this server are not supported,0.0,0.0
dailymail.co.uk,18-Apr-2020-21-51-46-4umboksn7c.pgsg,0.196041107178,3.64847707748
tudou.com,18-Apr-2020-21-51-57-uo7sdqu13u.pgsg,0.1953561306,11.4480640888
thewhizmarketing.com,The cipher suites of this server are not supported,0.0,0.0
livejasmin.com,18-Apr-2020-21-52-02-6f10h1opmi.pgsg,1.18859601021,1.67689418793
cctv.com,18-Apr-2020-21-52-12-j9uuxze2fj.pgsg,0.545193910599,9.70372700691
wordpress.org,The cipher suites of this server are not supported,0.0,0.0
google.co.ve,18-Apr-2020-21-52-16-mc3snhgg2c.pgsg,0.20951795578,3.67142295837
google.co.za,18-Apr-2020-21-52-20-g27r8b35gv.pgsg,0.557339906693,4.01353192329
deviantart.com,The cipher suites of this server are not supported,0.0,0.0
indeed.com,18-Apr-2020-21-52-25-svf8qqsxjt.pgsg,0.408421993256,3.84252500534
slideshare.net,The cipher suites of this server are not supported,0.0,0.0
force.com,The cipher suites of this server are not supported,0.0,0.0
uptodown.com,18-Apr-2020-21-52-29-hmqzir67fn.pgsg,0.187988042831,3.87514305115
theguardian.com,18-Apr-2020-21-52-32-l17pdrdul0.pgsg,2.37420296669,2.83304595947
avito.ru,18-Apr-2020-21-52-37-an6qsojzo7.pgsg,0.393509864807,4.86992907524
ettoday.net,The cipher suites of this server are not supported,0.0,0.0
huffingtonpost.com,18-Apr-2020-21-52-43-h2e8bvxg5k.pgsg,0.549597024918,5.40147304535
blastingnews.com,The cipher suites of this server are not supported,0.0,0.0
trello.com,The cipher suites of this server are not supported,0.0,0.0
chase.com,18-Apr-2020-21-52-45-23hzhuk9gg.pgsg,0.186688899994,0.748076915741
steampowered.com,18-Apr-2020-21-52-49-w5m0kmyffl.pgsg,0.39725112915,3.94336700439
cnet.com,18-Apr-2020-21-52-52-fwzd6iip00.pgsg,0.192272186279,3.62749099731
outbrain.com,18-Apr-2020-21-52-56-ws5ro2vjja.pgsg,0.410796880722,3.86637806892
9gag.com,18-Apr-2020-21-53-00-s2mt9efgfn.pgsg,0.204137086868,4.02232789993
buzzfeed.com,The cipher suites of this server are not supported,0.0,0.0
vice.com,The cipher suites of this server are not supported,0.0,0.0
mediafire.com,18-Apr-2020-21-53-06-cqsrnu0ouc.pgsg,1.70803022385,5.07591891289
google.com.ph,18-Apr-2020-21-53-11-mxoftj5tef.pgsg,1.83173584938,5.31222486496
snapdeal.com,18-Apr-2020-21-53-16-ex7e8smmfh.pgsg,0.198245048523,5.34525704384
bp.blogspot.com,The cipher suites of this server are not supported,0.0,0.0
popcash.net,The cipher suites of this server are not supported,0.0,0.0
slack.com,The cipher suites of this server are not supported,0.0,0.0
github.io,The cipher suites of this server are not supported,0.0,0.0
livedoor.jp,The cipher suites of this server are not supported,0.0,0.0
google.com.vn,18-Apr-2020-21-53-22-z5wpodm9p7.pgsg,0.569150924683,4.04887890816
google.gr,18-Apr-2020-21-53-26-en98cg28h4.pgsg,0.576565027237,4.08575081825
bilibili.com,18-Apr-2020-21-53-32-cp0wzoy0a1.pgsg,0.560791015625,5.889346838
google.com.co,18-Apr-2020-21-53-37-myagp599pw.pgsg,0.91800403595,5.20850300789
tribunnews.com,18-Apr-2020-21-53-44-yod5p17zo9.pgsg,1.22257399559,6.70504188538
etsy.com,The cipher suites of this server are not supported,0.0,0.0
onlinesbi.com,18-Apr-2020-21-53-49-c6pok8glgg.pgsg,0.547230005264,5.65559911728
washingtonpost.com,18-Apr-2020-21-53-53-0xzsyah670.pgsg,0.551167011261,4.033867836
chaturbate.com,18-Apr-2020-21-53-58-s2s3xnlo9v.pgsg,0.551010131836,4.28218817711
hclips.com,The cipher suites of this server are not supported,0.0,0.0
sogou.com,18-Apr-2020-21-54-04-gj3kn3vvvv.pgsg,1.11925196648,6.53016209602
google.be,18-Apr-2020-21-54-08-udfnrk1ig9.pgsg,0.193108081818,3.66729998589
china.com,The cipher suites of this server are not supported,0.0,0.0
twimg.com,The cipher suites of this server are not supported,0.0,0.0
google.com.ua,18-Apr-2020-21-54-14-ov6wt8rrdp.pgsg,0.558379888535,3.96479415894
ameblo.jp,18-Apr-2020-21-54-18-hfl6s7e1q7.pgsg,0.566033124924,4.28968191147
blogspot.in,18-Apr-2020-21-54-23-u40kw39pfk.pgsg,1.13963389397,4.59062099457
google.com.ng,18-Apr-2020-21-54-26-evx21v6hov.pgsg,0.214956045151,3.66093206406
adexchangeprediction.com,18-Apr-2020-21-54-30-6ljovpwic7.pgsg,0.203372001648,3.78871798515
fbcdn.net,18-Apr-2020-21-54-34-5ftpr75ob6.pgsg,0.565720081329,4.03205394745
wikihow.com,18-Apr-2020-21-54-35-srs2s8t7l1.pgsg,0.192981958389,0.62885093689
shutterstock.com,18-Apr-2020-21-54-39-x2etzu485t.pgsg,1.10513496399,4.53864121437
google.ro,18-Apr-2020-21-54-43-atymwplyl3.pgsg,0.378379106522,3.80620408058
babytree.com,The cipher suites of this server are not supported,0.0,0.0
bankofamerica.com,The cipher suites of this server are not supported,0.0,0.0
spotify.com,18-Apr-2020-21-54-49-ar79b6knth.pgsg,0.204358100891,3.69647312164
mercadolivre.com.br,The cipher suites of this server are not supported,0.0,0.0
livejournal.com,The cipher suites of this server are not supported,0.0,0.0
detail.tmall.com,18-Apr-2020-21-54-56-xohezlsdjf.pgsg,1.68609690666,6.76714086533
ozock.com,The cipher suites of this server are not supported,0.0,0.0
forbes.com,The cipher suites of this server are not supported,0.0,0.0
extratorrent.cc,The cipher suites of this server are not supported,0.0,0.0
weather.com,18-Apr-2020-21-54-58-2912j8g3ut.pgsg,0.584325790405,1.52660489082
naver.jp,18-Apr-2020-21-55-01-uw3jc7tmlw.pgsg,1.1824889183,2.94632315636
tistory.com,18-Apr-2020-21-55-03-mwh1vsmsvd.pgsg,0.428404092789,2.51101517677
csdn.net,18-Apr-2020-21-55-09-xh412b8kt3.pgsg,0.574966907501,5.94195199013
goo.ne.jp,18-Apr-2020-21-55-12-o4s7y55n92.pgsg,0.557723999023,2.84263205528
redtube.com,18-Apr-2020-21-55-16-r9d8t0hlpw.pgsg,0.565144062042,4.28004908562
google.com.sg,18-Apr-2020-21-55-20-g190oaacgr.pgsg,0.391576051712,3.80631017685
huanqiu.com,The cipher suites of this server are not supported,0.0,0.0
google.se,18-Apr-2020-21-55-25-3j8jtriqpy.pgsg,0.555053949356,3.96280002594
detik.com,18-Apr-2020-21-55-31-q5lllxxccl.pgsg,0.39612197876,6.05418205261
kinogo.club,The cipher suites of this server are not supported,0.0,0.0
skype.com,18-Apr-2020-21-55-35-2mrth986od.pgsg,0.568634986877,4.09905290604
mozilla.org,18-Apr-2020-21-55-39-0s0xm3vy1i.pgsg,0.19070482254,4.02240204811
walmart.com,18-Apr-2020-21-55-43-q1oot791mh.pgsg,0.198877096176,3.88352799416
upornia.com,The cipher suites of this server are not supported,0.0,0.0
amazon.it,18-Apr-2020-21-55-48-7nlpu1ns8u.pgsg,0.579171895981,4.65487217903
youm7.com,18-Apr-2020-21-55-52-29yj3birh5.pgsg,0.216721057892,3.67109012604
amazon.fr,18-Apr-2020-21-55-57-o8obw0myjk.pgsg,1.10107588768,5.17920279503
foxnews.com,18-Apr-2020-21-56-01-igrpriy18t.pgsg,0.571406126022,4.04048800468
mama.cn,The cipher suites of this server are not supported,0.0,0.0
isanalyze.com,18-Apr-2020-21-56-04-wtrps0659f.pgsg,1.12183308601,2.07117390633
wellsfargo.com,The cipher suites of this server are not supported,0.0,0.0
doubleclick.net,18-Apr-2020-21-56-08-8cskqdf9ms.pgsg,0.197602033615,3.62359285355
pinimg.com,18-Apr-2020-21-56-08-jdr3jwrn7j.pgsg,0.18979382515,0.617386817932
openload.co,18-Apr-2020-21-56-12-xblihl5ka6.pgsg,0.20111489296,3.60520911217
xnxx.com,18-Apr-2020-21-56-16-53u6k4x7zb.pgsg,0.190003871918,4.13474082947
gfycat.com,18-Apr-2020-21-56-20-wbqau4kroy.pgsg,0.196155071259,3.68066906929
google.at,18-Apr-2020-21-56-24-5q9k1yfjnx.pgsg,0.574357032776,3.9882349968
google.com.pe,18-Apr-2020-21-56-28-i03nt1tbws.pgsg,0.570662021637,4.00444102287
wikimedia.org,The cipher suites of this server are not supported,0.0,0.0
wordreference.com,18-Apr-2020-21-56-32-qgp7c6muvu.pgsg,0.538411855698,4.20002317429
google.dz,18-Apr-2020-21-56-36-q4mlnvw62o.pgsg,0.545478105545,3.99270200729
zol.com.cn,18-Apr-2020-21-56-43-n8g0br4jgn.pgsg,1.1084189415,7.39796614647
cloudfront.net,The cipher suites of this server are not supported,0.0,0.0
archive.org,18-Apr-2020-21-56-46-uuilms1g9j.pgsg,0.752097129822,2.7903110981
reimageplus.com,18-Apr-2020-21-56-50-a9p07dz7dn.pgsg,0.195749044418,3.70395803452
wetransfer.com,The cipher suites of this server are not supported,0.0,0.0
google.az,18-Apr-2020-21-56-55-qljfdzh6es.pgsg,0.590929031372,4.10766887665
myway.com,18-Apr-2020-21-56-58-xmvpi6578r.pgsg,0.195492982864,3.61661696434
nih.gov,18-Apr-2020-21-57-02-tsxyaqgxb1.pgsg,0.563725233078,3.99822402
feedly.com,The cipher suites of this server are not supported,0.0,0.0
giphy.com,The cipher suites of this server are not supported,0.0,0.0
files.wordpress.com,The cipher suites of this server are not supported,0.0,0.0
yelp.com,18-Apr-2020-21-57-07-2npf1f4ta6.pgsg,0.573580026627,4.00100183487
espncricinfo.com,18-Apr-2020-21-57-12-iov3b14rd6.pgsg,0.560010194778,4.6323788166
rutracker.org,The cipher suites of this server are not supported,0.0,0.0
weebly.com,The cipher suites of this server are not supported,0.0,0.0
paytm.com,18-Apr-2020-21-57-22-6msdfyv0tx.pgsg,0.207291126251,7.54375386238
theladbible.com,18-Apr-2020-21-57-27-fxyrzza0u0.pgsg,1.12326908112,4.50947999954
51.la,18-Apr-2020-21-57-33-fdr2e23y10.pgsg,0.557358026505,5.86020708084
iwanttodeliver.com,18-Apr-2020-21-57-37-szt0ou6yy0.pgsg,0.202717065811,4.2020471096
flickr.com,18-Apr-2020-21-57-43-sph72mhbif.pgsg,1.78571605682,5.49824619293
ikea.com,The cipher suites of this server are not supported,0.0,0.0
youporn.com,18-Apr-2020-21-58-07-cadsuftcrj.pgsg,0.626425981522,4.12705206871
freepik.com,18-Apr-2020-21-58-11-0ltj6zerff.pgsg,0.200783014297,4.19792199135
google.ch,18-Apr-2020-21-58-15-fcn3og0l1f.pgsg,0.378295183182,3.79115986824
aol.com,18-Apr-2020-21-58-21-aqwnk4xhbh.pgsg,1.17212200165,6.10076212883
google.ae,18-Apr-2020-21-58-25-hbo56qlcdp.pgsg,0.19510602951,3.65470504761
tripadvisor.com,18-Apr-2020-21-58-28-w7tjvmofff.pgsg,0.387591838837,3.94254207611
google.cn,18-Apr-2020-21-58-33-uh9pu1l23p.pgsg,0.546379089355,4.122164011
businessinsider.com,The cipher suites of this server are not supported,0.0,0.0
163.com,The cipher suites of this server are not supported,0.0,0.0
instructure.com,18-Apr-2020-22-19-18-bdnz8pnimn.pgsg,0.686407804489,1.26255917549
sourceforge.net,The cipher suites of this server are not supported,0.0,0.0
blogspot.com.br,18-Apr-2020-22-19-23-nkml53njcj.pgsg,0.92951798439,4.56249094009
google.pt,18-Apr-2020-22-19-27-3m3e4lnnoe.pgsg,0.434720039368,3.85718607903
google.cz,18-Apr-2020-22-19-31-6t2oq5gy74.pgsg,0.808081150055,4.21637606621
varzesh3.com,18-Apr-2020-22-19-36-9mcpenjcyy.pgsg,0.202039957047,4.82988905907
allegro.pl,The cipher suites of this server are not supported,0.0,0.0
taboola.com,The cipher suites of this server are not supported,0.0,0.0
doublepimp.com,18-Apr-2020-22-19-41-ydiqq3ph8m.pgsg,0.202493190765,4.04394197464
zippyshare.com,The cipher suites of this server are not supported,0.0,0.0
softonic.com,The cipher suites of this server are not supported,0.0,0.0
rt.com,The cipher suites of this server are not supported,0.0,0.0
mailchimp.com,18-Apr-2020-22-19-46-vxih6pyrtv.pgsg,0.200240850449,3.90117311478
zillow.com,The cipher suites of this server are not supported,0.0,0.0
thesaurus.com,The cipher suites of this server are not supported,0.0,0.0
kinopoisk.ru,18-Apr-2020-22-19-51-3tiuckapf2.pgsg,0.597990989685,4.85568284988
upwork.com,The cipher suites of this server are not supported,0.0,0.0
hdfcbank.com,18-Apr-2020-22-19-52-v5uaw0wulo.pgsg,0.578032970428,0.966911077499
gearbest.com,The cipher suites of this server are not supported,0.0,0.0
dmm.co.jp,18-Apr-2020-22-19-54-qs14steztx.pgsg,0.209261894226,1.82792901993
onclickpredictiv.com,18-Apr-2020-22-19-58-r5svbu5grc.pgsg,0.615368127823,4.10161304474
zendesk.com,The cipher suites of this server are not supported,0.0,0.0
globaloffers.link,The cipher suites of this server are not supported,0.0,0.0
fiverr.com,The cipher suites of this server are not supported,0.0,0.0
themeforest.net,The cipher suites of this server are not supported,0.0,0.0
daikynguyenvn.com,The cipher suites of this server are not supported,0.0,0.0
scribd.com,The cipher suites of this server are not supported,0.0,0.0
123movies.to,18-Apr-2020-22-20-03-dzxtf0yfs1.pgsg,0.208027839661,4.10531687737
google.cl,18-Apr-2020-22-20-07-1kmmdnpf66.pgsg,0.571896076202,4.10408711433
webtretho.com,18-Apr-2020-22-20-14-we1e3vvwed.pgsg,0.896802902222,6.41275691986
google.com.bd,18-Apr-2020-22-20-18-nh1gbfaep5.pgsg,0.421082019806,3.8479809761
addthis.com,18-Apr-2020-22-20-22-54h4324zuj.pgsg,0.93482708931,4.39409184456
douyu.com,18-Apr-2020-22-20-28-lb1ochhl4g.pgsg,1.68917512894,6.14781904221
sh.st,The cipher suites of this server are not supported,0.0,0.0
douban.com,18-Apr-2020-22-20-34-4uzyol8wt1.pgsg,0.222038984299,5.24093222618
spotscenered.info,18-Apr-2020-22-20-38-wkcie9423p.pgsg,0.741689920425,4.17414689064
rarbg.to,18-Apr-2020-22-20-44-mk4dsipcco.pgsg,1.13687086105,5.58795404434
speedtest.net,18-Apr-2020-22-20-45-hfv23yme4r.pgsg,0.400028944016,0.808700084686
xywy.com,The cipher suites of this server are not supported,0.0,0.0
ndtv.com,18-Apr-2020-22-21-10-z7jrdxuvv5.pgsg,1.26144695282,4.9045779705
medium.com,18-Apr-2020-22-21-14-39rpqv99n2.pgsg,0.266979932785,3.99363994598
media.tumblr.com,18-Apr-2020-22-21-17-e1w0pk4sl5.pgsg,0.267508983612,3.79317116737
tokopedia.com,18-Apr-2020-22-21-24-dzixdsk75w.pgsg,1.37235689163,6.78066015244
rambler.ru,18-Apr-2020-22-21-29-jkgaxi0gjz.pgsg,0.445937156677,4.86005711555
gsmarena.com,18-Apr-2020-22-21-31-etplpgcmnx.pgsg,0.358381986618,1.59495902061
bitauto.com,18-Apr-2020-22-21-38-6vhtw4f3nj.pgsg,0.288094997406,7.1712269783
leboncoin.fr,18-Apr-2020-22-21-43-eb33ghx85g.pgsg,0.374085903168,4.82535505295
nametests.com,18-Apr-2020-22-21-47-hra5437bzm.pgsg,0.705407142639,4.50475001335
wittyfeed.com,The cipher suites of this server are not supported,0.0,0.0
ebay-kleinanzeigen.de,The cipher suites of this server are not supported,0.0,0.0
icicibank.com,The cipher suites of this server are not supported,0.0,0.0
google.no,18-Apr-2020-22-22-12-1437kqk4ie.pgsg,0.224141120911,3.7233839035
amazon.es,18-Apr-2020-22-22-17-hwt6wia4nu.pgsg,0.276141881943,4.39952015877
mega.nz,18-Apr-2020-22-22-22-6ctbioliw2.pgsg,0.60406088829,5.19306516647
asos.com,The cipher suites of this server are not supported,0.0,0.0
wix.com,The cipher suites of this server are not supported,0.0,0.0
clicksgear.com,18-Apr-2020-22-22-26-y0jrsvo17k.pgsg,0.607753038406,4.16103816032
secureserver.net,The cipher suites of this server are not supported,0.0,0.0
onedio.com,18-Apr-2020-22-22-31-2lvmnvo0w1.pgsg,0.593453884125,4.48924899101
kakaku.com,The cipher suites of this server are not supported,0.0,0.0
caijing.com.cn,18-Apr-2020-22-22-46-qd69cudqjf.pgsg,1.21554493904,7.87624812126
iqiyi.com,18-Apr-2020-22-22-56-ijf25chrzt.pgsg,0.659612178802,10.1872720718
directrev.com,The cipher suites of this server are not supported,0.0,0.0
youtube-mp3.org,The cipher suites of this server are not supported,0.0,0.0
irctc.co.in,18-Apr-2020-22-22-59-evwuc8kpq5.pgsg,0.219945907593,2.88057589531
google.hu,18-Apr-2020-22-23-02-8h0v8697re.pgsg,0.205752134323,3.62382698059
goodreads.com,18-Apr-2020-22-23-07-c9nv3jk4w8.pgsg,1.73197603226,5.19929695129
messenger.com,18-Apr-2020-22-23-12-qgox7q9zb5.pgsg,0.56014919281,4.09823894501
battle.net,18-Apr-2020-22-23-17-rs3dpfjh9x.pgsg,1.15605401993,4.9647898674
behance.net,18-Apr-2020-22-23-21-deemx69hab.pgsg,0.566596984863,4.00221085548
nfl.com,18-Apr-2020-22-23-22-bfzqhyvdq2.pgsg,0.57635307312,1.00230097771
roblox.com,18-Apr-2020-22-23-25-4kbmmijyb8.pgsg,0.204691886902,3.63790583611
oracle.com,The cipher suites of this server are not supported,0.0,0.0
hp.com,18-Apr-2020-22-23-30-xca8kxxybc.pgsg,0.200434923172,4.20524477959
hatenablog.com,18-Apr-2020-22-23-36-5wzrwpuj91.pgsg,0.207386016846,6.06285190582
39.net,18-Apr-2020-22-23-41-9kh1b7kg3y.pgsg,2.5373339653,5.18546199799
icloud.com,18-Apr-2020-22-23-46-439mcaq7kr.pgsg,0.856651067734,4.43133997917
hatena.ne.jp,18-Apr-2020-22-23-52-gpxhnagidj.pgsg,1.1805870533,6.5184969902
evernote.com,18-Apr-2020-22-23-58-epa487qzly.pgsg,1.25528001785,5.30473303795
zoho.com,18-Apr-2020-22-24-02-tcd9al8waq.pgsg,0.211846828461,4.23834204674
google.ie,18-Apr-2020-22-24-06-dx28qxg8ad.pgsg,0.955591917038,4.39109301567
4dsply.com,18-Apr-2020-22-24-10-qatxme6il8.pgsg,0.581809997559,3.96099805832
thewhizproducts.com,The cipher suites of this server are not supported,0.0,0.0
go.com,The cipher suites of this server are not supported,0.0,0.0
repubblica.it,The cipher suites of this server are not supported,0.0,0.0
shopify.com,The cipher suites of this server are not supported,0.0,0.0
2ch.net,The cipher suites of this server are not supported,0.0,0.0
1688.com,18-Apr-2020-22-26-21-r6jlyir3h6.pgsg,2.40383195877,7.89153790474
bloomberg.com,The cipher suites of this server are not supported,0.0,0.0
jd.com,18-Apr-2020-22-26-28-mwqr0hm39j.pgsg,0.827821016312,6.63322401047
yesky.com,18-Apr-2020-22-26-35-3d04p821w4.pgsg,0.221354007721,7.05896687508
eksisozluk.com,The cipher suites of this server are not supported,0.0,0.0
samsung.com,18-Apr-2020-22-26-42-32s0nwvl7k.pgsg,0.698163986206,6.43515300751
seasonvar.ru,The cipher suites of this server are not supported,0.0,0.0
sharepoint.com,18-Apr-2020-22-26-46-tcva5rucix.pgsg,0.289040088654,3.76717185974
canva.com,18-Apr-2020-22-26-50-ta2jy1qaps.pgsg,0.220881938934,3.65843701363
kompas.com,18-Apr-2020-22-26-57-8wawr90l3f.pgsg,0.797924995422,7.37416410446
ltn.com.tw,The cipher suites of this server are not supported,0.0,0.0
blkget.com,18-Apr-2020-22-27-18-yf32h4gsui.pgsg,0.582405805588,1.0581099987
1905.com,18-Apr-2020-22-27-24-6ad35j8o1x.pgsg,0.194310903549,5.9961400032
cnblogs.com,18-Apr-2020-22-27-30-ozhk1al2a1.pgsg,0.192985057831,5.62772893906
mediawhirl.net,18-Apr-2020-22-27-31-14kulpo83n.pgsg,0.206569910049,1.09294891357
adnetworkperformance.com,18-Apr-2020-22-27-35-w0dm68lxj0.pgsg,0.590482950211,4.08037590981
americanexpress.com,18-Apr-2020-22-27-40-2ep4yrid5j.pgsg,1.15089416504,4.62519598007
quizlet.com,The cipher suites of this server are not supported,0.0,0.0
kissanime.to,The cipher suites of this server are not supported,0.0,0.0
telegraph.co.uk,The cipher suites of this server are not supported,0.0,0.0
google.co.il,18-Apr-2020-22-27-47-psq0uwq1s2.pgsg,3.44221496582,6.89162802696
steamcommunity.com,18-Apr-2020-22-27-53-zg6pgw29x8.pgsg,1.91317510605,5.70782208443
amazon.cn,18-Apr-2020-22-27-59-6qjqfodadx.pgsg,0.298002004623,5.53245306015
hotstar.com,The cipher suites of this server are not supported,0.0,0.0
liputan6.com,18-Apr-2020-22-28-07-lhq92wym8w.pgsg,1.19032692909,7.90350294113
kaskus.co.id,The cipher suites of this server are not supported,0.0,0.0
bestbuy.com,The cipher suites of this server are not supported,0.0,0.0
gmx.net,18-Apr-2020-22-28-10-okxbr40idv.pgsg,0.733940839767,1.91353917122
xfinity.com,18-Apr-2020-22-28-14-36vxmklqnk.pgsg,0.24126291275,3.94322776794
hootsuite.com,The cipher suites of this server are not supported,0.0,0.0
onet.pl,The cipher suites of this server are not supported,0.0,0.0
wsj.com,The cipher suites of this server are not supported,0.0,0.0
51yes.com,The cipher suites of this server are not supported,0.0,0.0
pandora.com,The cipher suites of this server are not supported,0.0,0.0
tradeadexchange.com,18-Apr-2020-22-28-41-47bwg3l0ti.pgsg,0.841028928757,5.07090497017
reddituploads.com,The cipher suites of this server are not supported,0.0,0.0
bukalapak.com,18-Apr-2020-22-29-00-7lfaf5htt9.pgsg,12.5038971901,18.8714210987
yts.ag,The cipher suites of this server are not supported,0.0,0.0
cnnic.cn,The cipher suites of this server are not supported,0.0,0.0
atlassian.net,The cipher suites of this server are not supported,0.0,0.0
abs-cbn.com,18-Apr-2020-22-29-27-upwdvjrfj6.pgsg,1.27188396454,6.45263385773
web.de,18-Apr-2020-22-29-33-farsk9f4d5.pgsg,0.564407110214,6.40512800217
sberbank.ru,The cipher suites of this server are not supported,0.0,0.0
dictionary.com,The cipher suites of this server are not supported,0.0,0.0
chinadaily.com.cn,18-Apr-2020-22-29-40-urg56ffbea.pgsg,0.593808174133,6.09287881851
elpais.com,The cipher suites of this server are not supported,0.0,0.0
blogspot.jp,18-Apr-2020-22-29-44-vgbkibazhj.pgsg,0.224573850632,3.78943896294
pixabay.com,The cipher suites of this server are not supported,0.0,0.0
sabah.com.tr,18-Apr-2020-22-29-50-ne6097srgw.pgsg,1.69445586205,5.70167398453
google.dk,18-Apr-2020-22-29-54-dkixplehx6.pgsg,0.203672170639,3.68819499016
usatoday.com,The cipher suites of this server are not supported,0.0,0.0
google.fi,18-Apr-2020-22-29-59-bqyxqxpkw3.pgsg,1.17056012154,4.64725089073
telegram.org,The cipher suites of this server are not supported,0.0,0.0
putlocker.is,18-Apr-2020-22-30-04-ei51so1k1z.pgsg,0.234184026718,4.54983782768
udemy.com,The cipher suites of this server are not supported,0.0,0.0
ruten.com.tw,The cipher suites of this server are not supported,0.0,0.0
ebay.in,18-Apr-2020-22-30-12-v4w5vohcx7.pgsg,0.595928907394,1.45868396759
fivethirtyeight.com,The cipher suites of this server are not supported,0.0,0.0
enet.com.cn,The cipher suites of this server are not supported,0.0,0.0
accuweather.com,The cipher suites of this server are not supported,0.0,0.0
blackboard.com,18-Apr-2020-22-31-00-ypyx0bfnbm.pgsg,2.54006290436,6.23063898087
digikala.com,18-Apr-2020-22-31-04-si0oyna5ls.pgsg,0.563042879105,4.16794991493
googleapis.com,18-Apr-2020-22-31-08-s4m29h611v.pgsg,0.428303003311,3.87119913101
target.com,The cipher suites of this server are not supported,0.0,0.0
infusionsoft.com,The cipher suites of this server are not supported,0.0,0.0
weblio.jp,The cipher suites of this server are not supported,0.0,0.0
sciencedirect.com,The cipher suites of this server are not supported,0.0,0.0
mi.com,18-Apr-2020-22-57-20-udltqsf50d.pgsg,0.608574867249,3.69874310493
blog.jp,18-Apr-2020-22-57-23-p2ummsnt6z.pgsg,0.224904060364,2.86984014511
conservativetribune.com,The cipher suites of this server are not supported,0.0,0.0
reuters.com,The cipher suites of this server are not supported,0.0,0.0
kickstarter.com,The cipher suites of this server are not supported,0.0,0.0
wixsite.com,The cipher suites of this server are not supported,0.0,0.0
neobux.com,The cipher suites of this server are not supported,0.0,0.0
techcrunch.com,18-Apr-2020-22-57-28-ohy9578ewu.pgsg,0.565030097961,4.26434612274
avg.com,18-Apr-2020-22-57-32-w8ep2q0rbr.pgsg,0.194643974304,4.37856602669
airbnb.com,The cipher suites of this server are not supported,0.0,0.0
zone-telechargement.com,18-Apr-2020-22-57-37-62wkp9sfb0.pgsg,0.382703065872,4.88719201088
capitalone.com,The cipher suites of this server are not supported,0.0,0.0
ups.com,The cipher suites of this server are not supported,0.0,0.0
dell.com,The cipher suites of this server are not supported,0.0,0.0
tutorialspoint.com,18-Apr-2020-22-57-43-madpf0vx5o.pgsg,0.581871032715,4.6848461628
homedepot.com,The cipher suites of this server are not supported,0.0,0.0
ebay.it,18-Apr-2020-22-57-44-luo2fer3yq.pgsg,0.591135025024,1.40639400482
subscene.com,The cipher suites of this server are not supported,0.0,0.0
nyaa.se,The cipher suites of this server are not supported,0.0,0.0
usps.com,The cipher suites of this server are not supported,0.0,0.0
ign.com,18-Apr-2020-22-57-49-ikd1q1d22k.pgsg,0.561159133911,4.01568603516
ytimg.com,The cipher suites of this server are not supported,0.0,0.0
leagueoflegends.com,18-Apr-2020-22-57-53-puiexodi1z.pgsg,0.578860044479,4.0378010273
google.sk,18-Apr-2020-22-57-56-xegrtifp1a.pgsg,0.213006973267,3.65555286407
researchgate.net,18-Apr-2020-22-58-00-qlu2et4mch.pgsg,0.567579030991,4.06702494621
box.com,18-Apr-2020-22-58-04-mk55brkjso.pgsg,0.190969944,3.75314807892
beeg.com,18-Apr-2020-22-58-08-4hfbsvq00g.pgsg,0.587825059891,4.03865408897
about.com,The cipher suites of this server are not supported,0.0,0.0
kooora.com,The cipher suites of this server are not supported,0.0,0.0
tube8.com,18-Apr-2020-22-58-12-96g8wn11u2.pgsg,0.218035936356,3.72428488731
spiegel.de,The cipher suites of this server are not supported,0.0,0.0
hubspot.com,18-Apr-2020-22-58-17-pwuzhyqq6f.pgsg,0.413562059402,3.83500099182
poptm.com,The cipher suites of this server are not supported,0.0,0.0
spankbang.com,18-Apr-2020-22-58-20-f3c5qerf8f.pgsg,0.236478090286,3.68778681755
marca.com,18-Apr-2020-22-58-27-rd9svc4jxz.pgsg,2.21711802483,6.25104498863
baike.com,The cipher suites of this server are not supported,0.0,0.0
taleo.net,The cipher suites of this server are not supported,0.0,0.0
thefreedictionary.com,18-Apr-2020-22-58-37-xc0fw4k7ku.pgsg,0.198443889618,3.71074199677
ouo.io,The cipher suites of this server are not supported,0.0,0.0
fastpokemap.se,The cipher suites of this server are not supported,0.0,0.0
list-manage.com,The cipher suites of this server are not supported,0.0,0.0
qiita.com,The cipher suites of this server are not supported,0.0,0.0
php.net,18-Apr-2020-22-58-43-8gjvbqi5h1.pgsg,0.561595916748,4.14265704155
disqus.com,18-Apr-2020-22-58-49-wbcla0gu7o.pgsg,2.96268987656,6.46678686142
4chan.org,18-Apr-2020-22-58-50-dqsukbsqgz.pgsg,0.580692052841,0.967705011368
oeeee.com,The cipher suites of this server are not supported,0.0,0.0
orange.fr,18-Apr-2020-22-58-51-zm6252xdwc.pgsg,0.226149082184,1.30604815483
fedex.com,The cipher suites of this server are not supported,0.0,0.0
kapanlagi.com,The cipher suites of this server are not supported,0.0,0.0
intuit.com,The cipher suites of this server are not supported,0.0,0.0
4shared.com,18-Apr-2020-22-58-57-8vgn3znm4h.pgsg,0.556535005569,4.19200801849
uploaded.net,18-Apr-2020-22-59-02-9o432v9fgr.pgsg,0.642432928085,4.83287405968
azlyrics.com,18-Apr-2020-22-59-07-4jnafaw1wt.pgsg,0.227648973465,4.93301701546
teepr.com,The cipher suites of this server are not supported,0.0,0.0
groupon.com,The cipher suites of this server are not supported,0.0,0.0
webmd.com,The cipher suites of this server are not supported,0.0,0.0
wp.pl,18-Apr-2020-22-59-12-huqgrlmr81.pgsg,0.20122885704,4.63519001007
goo.gl,18-Apr-2020-22-59-17-a9ah1iaobb.pgsg,1.19445109367,4.65938687325
mercadolibre.com.ar,The cipher suites of this server are not supported,0.0,0.0
mashable.com,The cipher suites of this server are not supported,0.0,0.0
cricbuzz.com,18-Apr-2020-22-59-25-ml8o9hfd6h.pgsg,1.11070895195,6.79748892784
free.fr,18-Apr-2020-22-59-30-ctg4dv4ty4.pgsg,1.14796209335,5.1372590065
amazon.ca,18-Apr-2020-22-59-34-58b08l2gdl.pgsg,0.189603090286,3.66551589966
ebay.com.au,18-Apr-2020-22-59-37-2z0i8504d2.pgsg,2.3412001133,3.19025111198
eastday.com,18-Apr-2020-22-59-45-9f4cg1ow4b.pgsg,0.577419042587,7.93669199944
gizmodo.com,The cipher suites of this server are not supported,0.0,0.0
theverge.com,The cipher suites of this server are not supported,0.0,0.0
dcinside.com,The cipher suites of this server are not supported,0.0,0.0
billdesk.com,The cipher suites of this server are not supported,0.0,0.0
ci123.com,18-Apr-2020-22-59-55-3zdckbov2a.pgsg,0.621818065643,6.44487094879
hespress.com,The cipher suites of this server are not supported,0.0,0.0
exoclick.com,The cipher suites of this server are not supported,0.0,0.0
hola.com,18-Apr-2020-23-00-01-v3r3s71iqm.pgsg,1.13694000244,5.57573699951
vk.me,18-Apr-2020-23-00-07-mhslaihd7k.pgsg,0.767939090729,5.71471595764
indianexpress.com,18-Apr-2020-23-00-11-l3ole9eeml.pgsg,0.521425008774,4.27834796906
hurriyet.com.tr,The cipher suites of this server are not supported,0.0,0.0
youdao.com,The cipher suites of this server are not supported,0.0,0.0
state.gov,The cipher suites of this server are not supported,0.0,0.0
namu.wiki,The cipher suites of this server are not supported,0.0,0.0
bhaskar.com,18-Apr-2020-23-00-21-mv5cyzeelt.pgsg,0.395195007324,4.05939507484
google.kz,18-Apr-2020-23-00-25-tkoohz7bcg.pgsg,0.391005992889,3.84128308296